;Working_Year;Designation;Experience;Employment_Status;Salary_In_Rupees;Employee_Location;Company_Location;Company_Size;Remote_Working_Ratio;Salary_In_Rupees
1;2020;Data Scientist;MI;FT;5MM A 10MM;DE;DE;L;0;6352272
2;2020;Machine Learning Scientist;SE;FT;20MM A 26MM;JP;JP;S;0;20688070
3;2020;Big Data Engineer;SE;FT;5MM A 10MM;GB;GB;M;50;8674985
4;2020;Product Data Analyst;MI;FT;1MM A 5MM;HN;HN;S;0;1591390
5;2020;Machine Learning Engineer;SE;FT;10MM A 15MM;US;US;L;50;11935425
6;2020;Data Analyst;EN;FT;5MM A 10MM;US;US;L;100;5729004
7;2020;Lead Data Scientist;SE;FT;15MM A 20MM;US;US;S;100;15118205
8;2020;Data Scientist;MI;FT;1MM A 5MM;HU;HU;L;50;2843416
9;2020;Business Data Analyst;MI;FT;10MM A 15MM;US;US;L;100;10741883
10;2020;Lead Data Engineer;SE;FT;5MM A 10MM;NZ;NZ;S;50;9946188
11;2020;Data Scientist;EN;FT;1MM A 5MM;FR;FR;S;0;4083586
12;2020;Data Scientist;MI;FT;1MM A 5MM;IN;IN;L;0;3221053
13;2020;Data Scientist;EN;FT;1MM A 5MM;FR;FR;M;0;3176096
14;2020;Lead Data Analyst;MI;FT;5MM A 10MM;US;US;L;100;6922547
15;2020;Data Analyst;MI;FT;5MM A 10MM;US;US;L;100;6763408
16;2020;Data Analyst;MI;FT;1MM A 5MM;PK;PK;L;50;636556
17;2020;Data Engineer;EN;FT;1MM A 5MM;JP;JP;S;100;3317173
18;2020;Big Data Engineer;SE;FT;5MM A 10MM;PL;GB;S;100;9074663
19;2020;Data Science Consultant;EN;FT;1MM A 5MM;IN;IN;M;50;454103
20;2020;Lead Data Engineer;MI;FT;1MM A 5MM;PT;US;M;100;4455892
21;2020;Machine Learning Engineer;MI;FT;1MM A 5MM;CN;CN;M;0;3447826
22;2020;Product Data Analyst;MI;FT;1MM A 5MM;IN;IN;L;100;483146
23;2020;Data Engineer;SE;FT;1MM A 5MM;GR;GR;L;50;3811299
24;2020;BI Data Analyst;MI;FT;5MM A 10MM;US;US;M;0;7797811
25;2020;Lead Data Scientist;MI;FT;5MM A 10MM;AE;AE;L;0;9150493
26;2020;Director of Data Science;EX;FT;20MM A 26MM;US;US;L;100;25860088
27;2020;Research Scientist;EN;FT;1MM A 5MM;NL;NL;L;50;3341919
28;2020;Data Engineer;SE;FT;1MM A 5MM;MX;MX;S;0;2666454
29;2020;Business Data Analyst;EN;CT;5MM A 10MM;US;US;L;100;7956950
30;2020;Machine Learning Manager;SE;FT;5MM A 10MM;CA;CA;L;50;9317907
31;2020;Data Engineering Manager;MI;FT;1MM A 5MM;DE;DE;S;100;4718710
32;2020;Big Data Engineer;EN;FT;5MM A 10MM;US;US;L;100;5569865
33;2020;Data Scientist;SE;FT;5MM A 10MM;GR;US;L;100;5444782
34;2020;Research Scientist;MI;FT;ACIMA DE 26MM;US;US;M;0;35806275
35;2020;Data Analyst;MI;FT;1MM A 5MM;FR;FR;L;50;3720590
36;2020;Data Engineer;MI;FT;5MM A 10MM;AT;AT;L;50;5898487
37;2020;Data Science Consultant;MI;FT;5MM A 10MM;US;US;L;100;8195659
38;2020;Machine Learning Engineer;EN;FT;15MM A 20MM;US;US;L;50;19892375
39;2020;Data Analyst;EN;FT;1MM A 5MM;NG;NG;S;100;795695
40;2020;Machine Learning Engineer;EN;FT;10MM A 15MM;US;US;S;100;10980591
41;2020;Data Scientist;MI;FT;1MM A 5MM;PH;US;S;100;3641100
42;2020;Data Engineering Manager;EX;FT;5MM A 10MM;ES;ES;L;50;6352272
43;2020;Machine Learning Infrastructure Engineer;MI;FT;1MM A 5MM;PT;PT;M;0;3992798
44;2020;Data Engineer;MI;FT;5MM A 10MM;US;US;L;100;8434367
45;2020;Data Engineer;MI;FT;5MM A 10MM;GB;GB;L;50;8981169
46;2020;ML Engineer;EN;PT;1MM A 5MM;DE;DE;S;100;1270407
47;2020;Data Scientist;MI;FT;5MM A 10MM;GB;GB;S;100;6123510
48;2020;Data Engineer;SE;FT;10MM A 15MM;US;US;L;100;14959066
49;2020;Data Scientist;MI;FT;5MM A 10MM;US;US;L;100;8354798
50;2020;Data Engineer;MI;FT;5MM A 10MM;FR;FR;L;50;5580925
51;2020;Data Analyst;EN;FT;1MM A 5MM;IN;IN;S;0;483146
52;2020;Data Analyst;EN;FT;5MM A 10MM;US;US;L;100;7240825
53;2020;AI Scientist;EN;FT;1MM A 5MM;DK;DK;S;50;3651922
54;2020;Data Engineer;EN;FT;1MM A 5MM;PK;DE;L;100;4355794
55;2020;Computer Vision Engineer;SE;FL;1MM A 5MM;RU;US;S;100;4774170
56;2020;Principal Data Scientist;SE;FT;10MM A 15MM;DE;DE;M;100;11797054
57;2020;Data Scientist;MI;FT;1MM A 5MM;ES;ES;M;100;3085387
58;2020;Data Scientist;MI;FT;5MM A 10MM;US;US;M;100;9389201
59;2020;Data Scientist;SE;FT;5MM A 10MM;US;US;L;50;9548340
60;2020;Data Scientist;MI;FT;10MM A 15MM;US;US;M;100;11008440
61;2020;Data Engineer;MI;FT;5MM A 10MM;US;US;L;100;8752645
62;2020;Data Engineer;MI;FT;10MM A 15MM;ES;US;M;100;10407691
63;2020;Data Scientist;EN;PT;1MM A 5MM;IT;IT;S;50;1724191
64;2020;Data Scientist;SE;FT;ACIMA DE 26MM;US;US;L;100;32782634
65;2020;Machine Learning Engineer;SE;FT;1MM A 5MM;HR;HR;S;100;3629801
66;2020;Data Scientist;EN;FT;1MM A 5MM;DE;DE;S;50;4991076
67;2020;Data Scientist;EN;FT;1MM A 5MM;DE;DE;S;0;3920230
68;2020;Data Science Manager;SE;FT;15MM A 20MM;US;US;M;100;15134119
69;2020;Data Scientist;EN;FT;5MM A 10MM;US;US;S;100;8354798
70;2020;Data Scientist;SE;FT;5MM A 10MM;AT;AT;S;0;7259682
71;2020;Data Scientist;MI;FT;1MM A 5MM;FR;LU;S;50;4991076
72;2020;Data Scientist;MI;FT;1MM A 5MM;FR;FR;S;50;3357594
73;2021;Research Scientist;EN;FT;5MM A 10MM;GB;GB;L;50;6566712
74;2021;BI Data Analyst;EX;FT;10MM A 15MM;IN;US;L;100;11935425
75;2021;Head of Data;EX;FT;15MM A 20MM;US;US;L;100;18698833
76;2021;Data Scientist;SE;FT;1MM A 5MM;FR;FR;L;50;4232461
77;2021;BI Data Analyst;MI;FT;5MM A 10MM;US;US;M;100;7956950
78;2021;3D Computer Vision Researcher;MI;PT;1MM A 5MM;IN;IN;M;50;430391
79;2021;ML Engineer;MI;CT;20MM A 26MM;US;US;L;100;21483765
80;2021;Data Analyst;EN;FT;5MM A 10MM;US;US;M;100;6365560
81;2021;Data Analytics Engineer;SE;FT;5MM A 10MM;DE;DE;L;100;6301666
82;2021;Data Engineer;MI;FT;10MM A 15MM;US;US;L;100;11139730
83;2021;Applied Data Scientist;MI;FT;1MM A 5MM;GB;CA;L;50;4315691
84;2021;Machine Learning Engineer;MI;FT;1MM A 5MM;ES;ES;S;100;3762205
85;2021;Director of Data Science;EX;FT;10MM A 15MM;IT;PL;L;100;12227206
86;2021;Data Engineer;MI;FT;1MM A 5MM;PL;PL;L;100;2265821
87;2021;Data Analyst;EN;FT;1MM A 5MM;FR;FR;M;50;4702717
88;2021;Data Analytics Engineer;MI;FT;5MM A 10MM;US;US;L;100;8752645
89;2021;Lead Data Analyst;SE;FT;10MM A 15MM;US;US;L;100;13526815
90;2021;Data Analyst;SE;FT;5MM A 10MM;BG;US;S;100;6365560
91;2021;Marketing Data Analyst;SE;FT;5MM A 10MM;GR;DK;L;100;7054154
92;2021;Data Science Consultant;EN;FT;5MM A 10MM;DE;DE;S;100;6113563
93;2021;Lead Data Analyst;MI;FT;1MM A 5MM;IN;IN;L;100;1560278
94;2021;Lead Data Engineer;SE;FT;20MM A 26MM;US;US;L;0;21961182
95;2021;Data Scientist;EN;FT;1MM A 5MM;IN;IN;L;50;2367272
96;2021;Cloud Data Engineer;MI;FT;5MM A 10MM;SG;SG;L;50;7105079
97;2021;AI Scientist;EN;PT;1MM A 5MM;BR;US;S;100;954834
98;2021;Financial Data Analyst;MI;FT;ACIMA DE 26MM;US;US;L;100;35806275
99;2021;Computer Vision Software Engineer;EN;FT;5MM A 10MM;US;US;M;100;5569865
100;2021;Computer Vision Software Engineer;MI;FT;5MM A 10MM;DE;US;S;100;7618461
101;2021;Data Analyst;MI;FT;5MM A 10MM;US;US;L;0;5967713
102;2021;Data Engineer;SE;FT;10MM A 15MM;US;US;L;100;11935425
103;2021;BI Data Analyst;MI;FT;1MM A 5MM;HU;US;L;50;2885111
104;2021;Data Analyst;MI;FT;1MM A 5MM;US;US;L;0;4933309
105;2021;Data Scientist;MI;FT;5MM A 10MM;US;US;L;0;5808574
106;2021;Data Analyst;MI;FT;1MM A 5MM;GB;GB;L;50;4099341
107;2021;Research Scientist;MI;FT;10MM A 15MM;CA;CA;L;100;14914666
108;2021;Data Engineer;SE;FT;5MM A 10MM;US;US;S;100;9150493
109;2021;Data Engineer;SE;FT;10MM A 15MM;US;US;M;100;11935425
110;2021;Data Engineer;EN;FT;1MM A 5MM;IN;IN;L;100;2421141
111;2021;Machine Learning Engineer;SE;FT;5MM A 10MM;DE;DE;L;50;7524410
112;2021;Director of Data Engineering;SE;FT;5MM A 10MM;GB;GB;M;100;9029229
113;2021;Lead Data Engineer;SE;FT;5MM A 10MM;GB;GB;S;100;8208390
114;2021;AI Scientist;EN;PT;1MM A 5MM;PK;US;M;100;954834
115;2021;Data Engineer;MI;FT;1MM A 5MM;NL;NL;L;100;3611739
116;2021;Machine Learning Scientist;EN;FT;15MM A 20MM;US;US;L;100;17903138
117;2021;Data Scientist;MI;FT;1MM A 5MM;NG;NG;L;100;3978475
118;2021;Data Science Engineer;MI;FT;1MM A 5MM;GR;GR;M;100;3197819
119;2021;Data Analyst;EN;FT;5MM A 10MM;US;US;S;100;7161255
120;2021;Data Engineer;MI;FT;15MM A 20MM;US;US;L;100;15913900
121;2021;Big Data Engineer;MI;FT;1MM A 5MM;ES;RO;M;50;4774170
122;2021;Principal Data Engineer;SE;FT;15MM A 20MM;US;US;M;100;15913900
123;2021;Data Analyst;EN;FT;1MM A 5MM;US;US;M;100;3978475
124;2021;Applied Data Scientist;EN;FT;5MM A 10MM;GB;GB;L;0;8755589
125;2021;Data Analyst;EN;PT;1MM A 5MM;ES;ES;M;50;823863
126;2021;Principal Data Scientist;MI;FT;10MM A 15MM;US;US;L;100;12014995
127;2021;Machine Learning Scientist;SE;FT;5MM A 10MM;US;US;S;50;9548340
128;2021;Data Scientist;MI;FT;1MM A 5MM;IN;IN;S;0;753205
129;2021;Machine Learning Engineer;EN;FT;1MM A 5MM;IN;IN;S;100;1591390
130;2021;Lead Data Scientist;SE;FT;1MM A 5MM;IN;IN;L;50;3228135
131;2021;Machine Learning Developer;EN;FT;5MM A 10MM;IQ;IQ;S;50;7956950
132;2021;Data Scientist;EN;FT;1MM A 5MM;FR;FR;M;50;3950307
133;2021;Applied Machine Learning Scientist;MI;FT;1MM A 5MM;VN;US;M;100;3055469
134;2021;Computer Vision Engineer;SE;FT;1MM A 5MM;BR;BR;M;100;1909668
135;2021;Data Scientist;EN;FT;5MM A 10MM;US;US;S;0;7956950
136;2021;Data Analyst;MI;FT;5MM A 10MM;US;US;M;100;7161255
137;2021;ML Engineer;MI;FT;5MM A 10MM;JP;JP;S;50;5069452
138;2021;ML Engineer;MI;FT;5MM A 10MM;JP;JP;S;50;6155815
139;2021;Principal Data Scientist;SE;FT;15MM A 20MM;US;US;L;0;17505290
140;2021;Data Scientist;EN;FT;5MM A 10MM;US;US;M;100;6365560
141;2021;Data Analyst;MI;FT;10MM A 15MM;US;US;L;100;10741883
142;2021;Data Science Manager;SE;FT;15MM A 20MM;US;US;L;0;19096680
143;2021;Data Engineering Manager;SE;FT;10MM A 15MM;US;US;L;0;11935425
144;2021;Data Scientist;MI;FT;5MM A 10MM;US;US;S;100;6564484
145;2021;Data Engineer;MI;FT;5MM A 10MM;US;US;L;100;7956950
146;2021;Machine Learning Engineer;SE;FT;5MM A 10MM;BE;BE;M;50;6583899
147;2021;Research Scientist;MI;FT;1MM A 5MM;FR;FR;M;50;4984950
148;2021;Data Engineer;MI;FT;5MM A 10MM;US;US;L;100;7161255
149;2021;Data Engineering Manager;SE;FT;10MM A 15MM;US;US;L;100;12174134
150;2021;Cloud Data Engineer;SE;FT;10MM A 15MM;BR;US;S;100;12731120
151;2021;Director of Data Science;SE;FT;10MM A 15MM;JP;JP;S;0;13367676
152;2021;Data Scientist;MI;FT;10MM A 15MM;US;US;M;100;11935425
153;2021;Data Scientist;MI;FT;5MM A 10MM;CA;CA;L;100;6029299
154;2021;Data Scientist;EN;FT;1MM A 5MM;UA;UA;L;100;1066231
155;2021;Data Science Manager;SE;FT;10MM A 15MM;US;US;L;100;11458008
156;2021;Data Science Engineer;SE;FT;10MM A 15MM;CA;CA;L;50;10122911
157;2021;Data Scientist;MI;FT;5MM A 10MM;SG;IL;M;100;9473465
158;2021;Applied Machine Learning Scientist;MI;FT;ACIMA DE 26MM;US;US;L;50;33657899
159;2021;Data Analytics Manager;SE;FT;5MM A 10MM;US;US;M;100;9548340
160;2021;Machine Learning Engineer;EN;FT;5MM A 10MM;US;US;S;100;9946188
161;2021;Head of Data;EX;FT;15MM A 20MM;RU;RU;L;50;18300985
162;2021;Head of Data Science;EX;FT;5MM A 10MM;RU;RU;M;0;6763408
163;2021;Data Engineer;MI;FT;1MM A 5MM;MT;MT;L;50;2257307
164;2021;Data Science Consultant;EN;FT;5MM A 10MM;DE;DE;L;50;5079001
165;2021;Director of Data Science;EX;FT;10MM A 15MM;DE;DE;M;50;10346104
166;2021;Data Specialist;SE;FT;10MM A 15MM;US;US;L;100;13128968
167;2021;Data Engineer;EN;FT;5MM A 10MM;US;US;L;100;6365560
168;2021;Director of Data Science;EX;FT;15MM A 20MM;US;US;L;0;19892375
169;2021;BI Data Analyst;EN;FT;1MM A 5MM;US;US;S;50;4376323
170;2021;Data Architect;MI;FT;10MM A 15MM;US;US;L;100;11935425
171;2021;Data Architect;MI;FT;10MM A 15MM;US;US;L;100;13526815
172;2021;Data Engineer;MI;FT;5MM A 10MM;GB;GB;L;100;6566712
173;2021;Data Analyst;EN;FT;1MM A 5MM;US;US;S;100;4774170
174;2021;Principal Data Scientist;SE;FT;15MM A 20MM;US;US;L;100;18698833
175;2021;Research Scientist;SE;FT;1MM A 5MM;PT;PT;L;50;4834404
176;2021;Data Engineering Manager;SE;FT;10MM A 15MM;US;US;L;100;13845093
177;2021;Data Scientist;MI;FT;1MM A 5MM;MX;MX;S;0;227489
178;2021;Data Scientist;MI;FT;1MM A 5MM;CL;CL;L;100;3185804
179;2021;Machine Learning Engineer;EN;FT;5MM A 10MM;US;US;S;50;6445130
180;2021;Data Scientist;MI;FT;1MM A 5MM;IN;US;S;100;451875
181;2021;Big Data Engineer;MI;FT;1MM A 5MM;IN;IN;L;0;1799146
182;2021;Data Scientist;MI;FT;5MM A 10MM;DE;DE;L;50;7219659
183;2021;Data Engineer;MI;FT;1MM A 5MM;RO;US;L;0;2069205
184;2021;Finance Data Analyst;SE;FT;1MM A 5MM;GB;GB;L;50;4925034
185;2021;Machine Learning Scientist;MI;FL;1MM A 5MM;PK;PK;M;50;954834
186;2021;Data Engineer;MI;FT;1MM A 5MM;IR;IR;M;100;318278
187;2021;Data Analytics Engineer;SE;FT;1MM A 5MM;VN;GB;M;100;3978475
188;2021;Data Science Consultant;EX;FT;5MM A 10MM;FR;ES;S;100;5549256
189;2021;Data Engineer;SE;FT;5MM A 10MM;RO;GB;S;50;6113563
190;2021;Machine Learning Engineer;MI;FT;5MM A 10MM;JP;JP;S;50;5888143
191;2021;Data Science Manager;SE;FT;10MM A 15MM;US;FR;L;100;12094564
192;2021;Machine Learning Engineer;EN;FT;1MM A 5MM;CO;CO;M;50;1738116
193;2021;Big Data Engineer;MI;FT;1MM A 5MM;MD;MD;S;0;1432251
194;2021;Data Science Manager;SE;FT;10MM A 15MM;US;US;L;100;13845093
195;2021;Research Scientist;SE;FT;5MM A 10MM;CA;CA;L;50;7647663
196;2021;Data Scientist;MI;FT;10MM A 15MM;US;US;L;50;11696717
197;2021;BI Data Analyst;EN;FT;1MM A 5MM;KE;KE;S;100;737768
198;2021;Machine Learning Engineer;SE;FT;1MM A 5MM;IN;IN;L;100;1936881
199;2021;Data Science Manager;SE;FT;1MM A 5MM;IN;US;L;50;4304233
200;2021;Data Science Consultant;EN;FT;5MM A 10MM;US;US;S;100;7161255
201;2021;Data Scientist;MI;FT;1MM A 5MM;DE;AT;M;50;4890898
202;2021;Machine Learning Infrastructure Engineer;SE;FT;15MM A 20MM;US;US;M;100;15516053
203;2021;Data Scientist;MI;FT;1MM A 5MM;ES;ES;L;100;3009716
204;2021;Research Scientist;SE;FT;1MM A 5MM;FR;US;S;100;3978475
205;2021;Data Scientist;MI;FT;10MM A 15MM;US;US;L;100;12731120
206;2021;Data Scientist;MI;FT;1MM A 5MM;BR;BR;S;0;1026526
207;2021;Machine Learning Engineer;SE;FT;15MM A 20MM;US;US;L;100;15913900
208;2021;Data Engineer;SE;FT;10MM A 15MM;US;US;M;0;13128968
209;2021;Data Engineer;MI;FL;1MM A 5MM;IT;US;L;0;1591390
210;2021;Data Analytics Manager;SE;FT;5MM A 10MM;US;US;L;0;9548340
211;2021;Machine Learning Engineer;MI;FT;1MM A 5MM;SI;SI;L;50;1975154
212;2021;Research Scientist;MI;FT;1MM A 5MM;FR;FR;S;50;4514614
213;2021;Data Engineer;MI;FT;5MM A 10MM;HK;GB;S;50;5253338
214;2021;Big Data Engineer;EN;FT;1MM A 5MM;IN;CH;L;0;468028
215;2021;Machine Learning Engineer;EN;FT;1MM A 5MM;DE;DE;M;50;1975154
216;2021;Principal Data Engineer;SE;FT;10MM A 15MM;US;US;L;100;14720358
217;2021;Computer Vision Engineer;EN;PT;1MM A 5MM;DK;DK;S;50;2276404
218;2021;Data Scientist;MI;FT;5MM A 10MM;DE;DE;L;50;7219659
219;2021;Machine Learning Engineer;MI;FT;5MM A 10MM;BE;BE;M;100;7054154
220;2021;Data Analytics Manager;SE;FT;10MM A 15MM;US;US;L;100;11139730
221;2021;Machine Learning Engineer;MI;FT;1MM A 5MM;PL;PL;L;100;3707700
222;2021;Data Scientist;MI;FT;5MM A 10MM;GB;GB;L;50;9302789
223;2021;Data Scientist;MI;FT;1MM A 5MM;IN;IN;M;0;2690086
224;2021;Data Scientist;MI;FT;1MM A 5MM;GB;GB;L;50;4476262
225;2021;Machine Learning Scientist;SE;FT;15MM A 20MM;US;CA;L;100;17903138
226;2021;Principal Data Scientist;EX;CT;ACIMA DE 26MM;US;US;S;100;33100912
227;2021;Data Scientist;SE;FT;5MM A 10MM;CA;CA;S;100;6981269
228;2021;Data Scientist;MI;FT;5MM A 10MM;DE;DE;L;50;7054154
229;2021;Data Scientist;SE;FT;10MM A 15MM;US;US;L;0;10741883
230;2021;Data Analyst;SE;FT;5MM A 10MM;CA;CA;M;100;5711976
231;2021;Big Data Engineer;EN;FT;1MM A 5MM;IN;IN;L;100;1291254
232;2021;ML Engineer;SE;FT;20MM A 26MM;US;US;S;100;20369792
233;2021;Director of Data Engineering;SE;FT;15MM A 20MM;US;US;L;100;15913900
234;2021;Data Analyst;SE;FT;15MM A 20MM;US;US;L;100;15913900
235;2021;Data Architect;MI;FT;10MM A 15MM;US;US;L;100;14322510
236;2021;Head of Data Science;MI;FT;5MM A 10MM;US;US;S;0;8752645
237;2021;Research Scientist;MI;FT;5MM A 10MM;CA;CA;M;100;5077330
238;2021;Data Scientist;MI;FT;1MM A 5MM;ES;ES;M;100;3724569
239;2021;Data Scientist;EN;FT;1MM A 5MM;VN;VN;M;0;318278
240;2021;Data Engineer;EN;FT;1MM A 5MM;IN;IN;M;50;1721645
241;2021;Data Scientist;SE;FT;5MM A 10MM;CA;CA;L;100;8250641
242;2021;Data Analyst;MI;FT;5MM A 10MM;US;US;L;100;6365560
243;2021;Data Engineer;MI;FT;5MM A 10MM;US;US;L;100;8752645
244;2021;Data Scientist;SE;FT;10MM A 15MM;US;US;L;100;13128968
245;2021;AI Scientist;EN;FT;1MM A 5MM;IN;AS;S;100;1436468
246;2021;Data Engineer;MI;FT;5MM A 10MM;GB;GB;L;50;5745873
247;2021;Data Scientist;EN;FT;1MM A 5MM;FR;FR;L;50;2915665
248;2021;Data Engineer;MI;FT;1MM A 5MM;TR;TR;M;0;963030
249;2021;Data Engineer;SE;FT;5MM A 10MM;GB;GB;L;50;7661111
250;2021;Principal Data Analyst;SE;FT;10MM A 15MM;US;US;M;100;13526815
251;2021;Data Scientist;MI;FT;5MM A 10MM;US;US;L;50;9150493
252;2021;Data Scientist;EN;FT;5MM A 10MM;US;US;S;100;7161255
253;2021;Principal Data Engineer;EX;FT;ACIMA DE 26MM;US;US;L;100;47741700
254;2021;Data Scientist;EN;FT;1MM A 5MM;IN;IN;M;100;2259694
255;2021;Data Analyst;MI;FT;5MM A 10MM;US;US;L;100;7399964
256;2021;Big Data Architect;SE;FT;5MM A 10MM;CA;CA;M;50;7933318
257;2021;Data Engineer;MI;FT;15MM A 20MM;US;US;L;100;15913900
258;2021;Principal Data Scientist;SE;FT;10MM A 15MM;DE;DE;M;100;13826155
259;2021;Machine Learning Engineer;SE;FT;10MM A 15MM;US;US;L;50;14720358
260;2021;Director of Data Science;EX;FT;10MM A 15MM;DE;DE;L;0;11286615
261;2021;Data Scientist;MI;FT;10MM A 15MM;US;US;L;50;10344035
262;2021;Data Analyst;SE;FT;5MM A 10MM;DE;DE;L;50;5079001
263;2021;Data Scientist;MI;FT;1MM A 5MM;IN;IN;S;100;1345043
264;2021;Machine Learning Engineer;SE;FT;5MM A 10MM;IN;IN;L;0;5272673
265;2021;Data Scientist;MI;FT;1MM A 5MM;RS;DE;S;100;2031568
266;2021;Lead Data Engineer;SE;FT;10MM A 15MM;PR;US;S;50;12731120
267;2021;Data Engineer;MI;FT;5MM A 10MM;US;US;M;0;7411899
268;2021;Data Engineer;MI;FT;5MM A 10MM;US;US;M;0;8893881
269;2021;Data Engineer;MI;FT;1MM A 5MM;TR;TR;M;100;2229219
270;2021;Data Engineer;EN;FT;5MM A 10MM;DE;DE;M;50;5173052
271;2021;Data Engineer;EN;FT;5MM A 10MM;US;US;L;100;5768789
272;2021;Computer Vision Engineer;SE;FT;1MM A 5MM;BR;BR;M;0;1504421
273;2021;Data Science Consultant;EN;FT;5MM A 10MM;DE;DE;L;0;6113563
274;2021;Machine Learning Engineer;EN;FT;5MM A 10MM;NL;DE;S;100;6763408
275;2021;Data Scientist;SE;FT;5MM A 10MM;FR;FR;M;50;6181277
276;2021;Data Scientist;EN;FT;5MM A 10MM;US;US;M;100;7956950
277;2021;Data Scientist;EN;FT;1MM A 5MM;US;US;L;50;4615031
278;2021;AI Scientist;SE;FT;1MM A 5MM;ES;ES;L;100;4376323
279;2021;Data Scientist;SE;FT;1MM A 5MM;TR;TR;L;50;1604996
280;2021;Business Data Analyst;EN;FT;1MM A 5MM;LU;LU;L;100;4702717
281;2021;Data Engineer;MI;FT;5MM A 10MM;US;US;L;100;8911784
282;2021;Research Scientist;EN;FT;5MM A 10MM;JE;CN;L;0;7956950
283;2021;Data Engineer;MI;PT;5MM A 10MM;NL;NL;L;100;5549256
284;2021;Staff Data Scientist;SE;CT;5MM A 10MM;US;US;M;100;8354798
285;2021;Research Scientist;MI;FT;5MM A 10MM;CZ;CZ;L;50;5569785
286;2021;Data Science Manager;SE;FT;5MM A 10MM;IN;IN;L;50;7532447
287;2021;Head of Data;SE;FT;5MM A 10MM;SI;SI;L;100;8182848
288;2021;Data Scientist;MI;FT;5MM A 10MM;US;US;L;50;8673076
289;2021;Machine Learning Engineer;MI;FT;1MM A 5MM;IT;IT;L;50;4063137
290;2022;Data Engineer;SE;FT;10MM A 15MM;US;US;M;100;10741883
291;2022;Data Analyst;SE;FT;10MM A 15MM;US;US;M;100;12333273
292;2022;Data Analyst;SE;FT;5MM A 10MM;US;US;M;100;9596082
293;2022;Data Scientist;MI;FT;10MM A 15MM;US;US;M;0;10344035
294;2022;Data Scientist;MI;FT;5MM A 10MM;US;US;M;0;7161255
295;2022;Data Engineer;MI;FT;10MM A 15MM;US;US;M;100;13526815
296;2022;Data Engineer;MI;FT;10MM A 15MM;US;US;M;100;11935425
297;2022;Data Analyst;SE;FT;5MM A 10MM;US;US;M;100;8124046
298;2022;Data Analyst;SE;FT;5MM A 10MM;US;US;M;100;6755451
299;2022;Data Scientist;SE;FT;10MM A 15MM;US;US;M;100;10870785
300;2022;Data Scientist;SE;FT;5MM A 10MM;US;US;M;100;7906026
301;2022;Data Scientist;SE;FT;5MM A 10MM;GB;GB;M;0;9372412
302;2022;Data Scientist;SE;FT;5MM A 10MM;GB;GB;M;0;8331086
303;2022;Data Scientist;SE;FT;10MM A 15MM;US;US;M;100;11617147
304;2022;Data Scientist;SE;FT;5MM A 10MM;US;US;M;100;9787049
305;2022;Data Engineer;EN;FT;1MM A 5MM;GB;GB;M;100;4165543
306;2022;Data Analyst;SE;FT;5MM A 10MM;US;US;M;0;7877381
307;2022;Data Analyst;SE;FT;5MM A 10MM;US;US;M;0;9230062
308;2022;Data Analyst;MI;FT;5MM A 10MM;US;US;M;0;8455055
309;2022;Data Analyst;MI;FT;10MM A 15MM;US;US;M;0;10065542
310;2022;Data Engineer;EX;FT;15MM A 20MM;US;US;M;100;19255819
311;2022;Data Engineer;EX;FT;15MM A 20MM;US;US;M;100;15913900
312;2022;Data Scientist;MI;FT;5MM A 10MM;GB;GB;M;0;5206869
313;2022;Data Scientist;MI;FT;1MM A 5MM;GB;GB;M;0;3124137
314;2022;Data Engineer;MI;FT;5MM A 10MM;GB;GB;M;0;6248275
315;2022;Data Engineer;MI;FT;1MM A 5MM;GB;GB;M;0;4165543
316;2022;Data Scientist;SE;FT;10MM A 15MM;US;US;M;100;13146473
317;2022;Data Engineer;EN;FT;1MM A 5MM;GB;GB;M;100;3644840
318;2022;Data Scientist;SE;FT;5MM A 10MM;US;US;M;100;9561071
319;2022;Data Analyst;SE;FT;5MM A 10MM;US;US;M;100;7186717
320;2022;Data Engineer;SE;FT;10MM A 15MM;US;US;M;0;14476875
321;2022;Data Engineer;SE;FT;10MM A 15MM;US;US;M;0;10528636
322;2022;Data Engineer;SE;FT;15MM A 20MM;US;US;M;0;17514043
323;2022;Data Engineer;SE;FT;10MM A 15MM;US;US;M;0;12737486
324;2022;Data Scientist;SE;FT;10MM A 15MM;US;US;L;0;14322510
325;2022;Data Scientist;SE;FT;5MM A 10MM;US;US;L;0;9548340
326;2022;Data Analyst;SE;FT;5MM A 10MM;US;US;M;100;9881736
327;2022;Data Analyst;EX;FT;10MM A 15MM;US;US;M;100;10344035
328;2022;Data Analyst;EX;FT;5MM A 10MM;US;US;M;100;8752645
329;2022;Data Analyst;SE;FT;10MM A 15MM;US;US;M;100;13526815
330;2022;Data Analyst;MI;FT;5MM A 10MM;US;US;M;100;9190277
331;2022;Data Analyst;SE;FT;5MM A 10MM;US;US;M;100;8983397
332;2022;Data Analyst;SE;FT;5MM A 10MM;US;US;M;100;7186717
333;2022;Data Analyst;SE;FT;5MM A 10MM;US;US;M;100;8983397
334;2022;Data Analyst;SE;FT;5MM A 10MM;US;US;M;100;7186717
335;2022;Data Engineer;SE;FT;10MM A 15MM;US;US;M;100;13160795
336;2022;Data Engineer;SE;FT;10MM A 15MM;US;US;M;100;10528636
337;2022;Data Analyst;MI;FT;10MM A 15MM;US;US;M;100;13288107
338;2022;Data Engineer;SE;FT;15MM A 20MM;US;US;M;100;19407001
339;2022;Data Analyst;SE;FT;10MM A 15MM;US;US;M;100;10869194
340;2022;Data Analyst;SE;FT;5MM A 10MM;US;US;M;100;8695355
341;2022;Data Engineer;SE;FT;10MM A 15MM;US;US;M;100;10254519
342;2022;Data Engineer;SE;FT;5MM A 10MM;US;US;M;100;7455662
343;2022;Head of Data Science;EX;FT;15MM A 20MM;US;US;M;100;17823568
344;2022;Head of Data Science;EX;FT;10MM A 15MM;US;US;M;100;13357730
345;2022;Analytics Engineer;EX;FT;10MM A 15MM;US;US;M;100;13924663
346;2022;Data Engineer;SE;FT;10MM A 15MM;US;US;M;100;12460584
347;2022;Data Engineer;SE;FT;5MM A 10MM;US;US;M;0;8657162
348;2022;Data Scientist;SE;FT;5MM A 10MM;US;US;M;0;7602866
349;2022;Data Engineer;SE;FT;5MM A 10MM;US;US;L;0;8991354
350;2022;Data Analyst;SE;FT;10MM A 15MM;US;US;M;100;10741883
351;2022;Data Science Manager;SE;FT;10MM A 15MM;US;US;M;100;12837902
352;2022;Data Science Manager;SE;FT;10MM A 15MM;US;US;M;100;10912241
353;2022;Data Scientist;SE;FT;10MM A 15MM;US;US;M;100;13288107
354;2022;Data Scientist;SE;FT;5MM A 10MM;US;US;M;100;9787049
355;2022;Data Engineer;SE;FT;5MM A 10MM;GB;GB;M;0;6248275
356;2022;Data Engineer;SE;FT;5MM A 10MM;GB;GB;M;0;5206869
357;2022;Data Scientist;SE;FT;10MM A 15MM;US;US;M;0;11935425
358;2022;Data Scientist;SE;FT;15MM A 20MM;US;US;M;100;16828949
359;2022;Data Architect;SE;FT;15MM A 20MM;CA;CA;M;100;15309172
360;2022;Data Architect;SE;FT;5MM A 10MM;CA;CA;M;100;7216954
361;2022;Data Analyst;SE;FT;10MM A 15MM;CA;CA;M;100;10344035
362;2022;Data Analyst;SE;FT;1MM A 5MM;CA;CA;M;100;4877610
363;2022;Data Analyst;SE;FT;10MM A 15MM;CA;CA;M;100;10344035
364;2022;Data Analyst;SE;FT;1MM A 5MM;CA;CA;M;100;4877610
365;2022;Data Engineer;SE;FT;10MM A 15MM;US;US;L;0;12731120
366;2022;Data Scientist;SE;FT;10MM A 15MM;US;US;M;100;11028333
367;2022;Data Engineer;SE;FT;10MM A 15MM;US;US;M;0;10821452
368;2022;Data Analyst;MI;FT;1MM A 5MM;US;US;S;0;4615031
369;2022;Analytics Engineer;EX;FT;10MM A 15MM;US;US;M;100;10741883
370;2022;Data Scientist;SE;FT;10MM A 15MM;US;US;M;100;13526815
371;2022;Data Scientist;SE;FT;5MM A 10MM;US;US;M;100;9787049
372;2022;Machine Learning Engineer;SE;FT;15MM A 20MM;US;US;M;0;15090356
373;2022;Machine Learning Engineer;SE;FT;10MM A 15MM;US;US;M;0;13128649
374;2022;ETL Developer;MI;FT;1MM A 5MM;GR;GR;M;0;4372901
375;2022;ETL Developer;MI;FT;1MM A 5MM;GR;GR;M;0;4372901
376;2022;Lead Data Engineer;EX;FT;5MM A 10MM;CA;CA;S;100;9404080
377;2022;Data Analyst;SE;FT;10MM A 15MM;US;US;M;0;10503174
378;2022;Data Engineer;SE;FT;10MM A 15MM;US;US;M;100;13160795
379;2022;Data Architect;SE;FT;15MM A 20MM;US;US;M;100;16612122
380;2022;Data Architect;SE;FT;10MM A 15MM;US;US;M;100;11760372
381;2022;Data Engineer;SE;FT;10MM A 15MM;US;US;M;100;10900544
382;2022;Data Engineer;SE;FT;5MM A 10MM;US;US;M;100;8081874
383;2022;Data Analyst;SE;FT;10MM A 15MM;US;US;M;100;10254519
384;2022;Data Analyst;SE;FT;5MM A 10MM;US;US;M;100;7455662
385;2022;Head of Machine Learning;EX;FT;5MM A 10MM;IN;IN;L;50;6289094
386;2022;Data Engineer;SE;FT;10MM A 15MM;US;US;M;100;10528636
387;2022;Machine Learning Engineer;EN;FT;1MM A 5MM;GB;GB;L;100;2967942
388;2022;Data Analyst;SE;FT;10MM A 15MM;US;US;M;0;13049398
389;2022;Data Engineer;SE;FT;10MM A 15MM;US;US;M;100;12333273
390;2022;Machine Learning Engineer;MI;FT;5MM A 10MM;GB;GB;M;0;9893115
391;2022;Machine Learning Engineer;MI;FT;5MM A 10MM;GB;GB;M;0;7810383
392;2022;AI Scientist;MI;FT;5MM A 10MM;US;US;M;0;9548340
393;2022;Data Analyst;SE;FT;5MM A 10MM;US;US;M;100;8983397
394;2022;Data Analyst;SE;FT;5MM A 10MM;US;US;M;100;7186717
395;2022;Data Analytics Manager;SE;FT;10MM A 15MM;US;US;M;100;11537578
396;2022;Data Analytics Manager;SE;FT;5MM A 10MM;US;US;M;100;8386625
397;2022;Machine Learning Engineer;MI;FT;5MM A 10MM;FR;DE;M;100;6996705
398;2022;Data Engineer;MI;FT;5MM A 10MM;GB;GB;M;0;9372412
399;2022;Data Scientist;SE;FT;15MM A 20MM;US;US;L;100;17131313
400;2022;Data Scientist;SE;FT;10MM A 15MM;US;US;L;100;12587895
401;2022;Data Engineer;SE;FT;15MM A 20MM;US;US;L;100;16637982
402;2022;Data Engineer;SE;FT;10MM A 15MM;US;US;L;100;12301445
403;2022;Data Analyst;SE;FT;5MM A 10MM;US;US;M;0;9224810
404;2022;Data Analyst;SE;FT;5MM A 10MM;US;US;M;0;6498123
405;2022;Data Engineer;SE;FT;10MM A 15MM;US;US;M;100;13924663
406;2022;Data Engineer;MI;FT;5MM A 10MM;GB;GB;M;0;7810383
407;2022;Data Analyst;MI;FT;1MM A 5MM;US;US;S;0;4615031
408;2022;Data Engineer;SE;FT;10MM A 15MM;US;US;L;100;14608960
409;2022;Data Analyst;MI;FT;1MM A 5MM;GB;GB;M;100;4165543
410;2022;Data Scientist;SE;FT;10MM A 15MM;US;US;M;100;14322510
411;2022;Data Scientist;MI;FT;5MM A 10MM;GB;GB;M;0;5727572
412;2022;Data Scientist;MI;FT;1MM A 5MM;GB;GB;M;0;3644840
413;2022;Data Engineer;MI;FT;5MM A 10MM;GR;GR;M;100;5247529
414;2022;Data Engineer;MI;FT;1MM A 5MM;GR;GR;M;100;3935587
415;2022;Data Engineer;MI;FT;5MM A 10MM;GB;GB;M;100;6248275
416;2022;Data Engineer;MI;FT;1MM A 5MM;GB;GB;M;100;4686166
417;2022;Data Scientist;SE;FT;20MM A 26MM;US;US;M;100;20688070
418;2022;Data Science Engineer;SE;FT;1MM A 5MM;AR;MX;L;100;4774170
419;2022;Data Engineer;MI;FT;5MM A 10MM;US;US;M;0;5084491
420;2022;Machine Learning Scientist;MI;FT;10MM A 15MM;US;US;L;100;12731120
421;2022;Machine Learning Scientist;MI;FT;5MM A 10MM;US;US;L;100;8935655
422;2022;Data Science Manager;MI;FT;15MM A 20MM;US;US;M;100;19176250
423;2022;Data Science Manager;MI;FT;10MM A 15MM;US;US;M;100;12651551
424;2022;Data Scientist;SE;FT;10MM A 15MM;US;US;M;0;14322510
425;2022;Data Scientist;SE;FT;5MM A 10MM;US;US;M;0;6365560
426;2022;Data Engineer;MI;FT;5MM A 10MM;US;US;M;0;6596312
427;2022;Data Engineer;SE;FT;5MM A 10MM;US;US;L;100;8020606
428;2022;Data Engineer;MI;FT;1MM A 5MM;ES;ES;M;100;3935587
429;2022;Data Scientist;SE;FT;10MM A 15MM;US;US;L;0;11171558
430;2022;Data Analyst;MI;FT;1MM A 5MM;GB;GB;M;100;3124137
431;2022;Data Analyst;MI;FT;1MM A 5MM;ES;ES;M;100;3498353
432;2022;Data Analyst;MI;FT;1MM A 5MM;ES;ES;M;100;2623725
433;2022;Data Engineer;MI;FT;5MM A 10MM;ES;ES;M;100;6996705
434;2022;Data Engineer;MI;FT;5MM A 10MM;ES;ES;M;100;6122077
435;2022;Data Engineer;MI;FT;5MM A 10MM;GB;GB;M;100;8331086
436;2022;Data Engineer;MI;FT;5MM A 10MM;GB;GB;M;100;7289680
437;2022;Data Engineer;MI;FT;5MM A 10MM;ES;ES;M;100;5247529
438;2022;Data Engineer;MI;FT;5MM A 10MM;GR;GR;M;100;6996705
439;2022;Machine Learning Engineer;SE;FT;15MM A 20MM;US;US;M;0;15090356
440;2022;Machine Learning Engineer;SE;FT;10MM A 15MM;US;US;M;0;13128649
441;2022;Data Analyst;MI;FT;1MM A 5MM;GR;GR;M;100;3498353
442;2022;Data Analyst;MI;FT;1MM A 5MM;GR;GR;M;100;2623725
443;2022;Data Engineer;MI;FT;5MM A 10MM;GB;GB;M;100;7810383
444;2022;Data Engineer;MI;FT;5MM A 10MM;GB;GB;M;100;6248275
445;2022;Data Scientist;SE;FT;15MM A 20MM;US;US;L;0;17131313
446;2022;Data Engineer;MI;FT;5MM A 10MM;GR;GR;M;100;6122077
447;2022;Data Engineer;SE;FT;15MM A 20MM;US;US;L;100;16637982
448;2022;Data Engineer;SE;FT;10MM A 15MM;US;US;L;100;12301445
449;2022;Data Engineer;SE;FT;10MM A 15MM;US;US;M;100;14322510
450;2022;ML Engineer;EN;FT;1MM A 5MM;PT;PT;L;100;1749176
451;2022;Data Engineer;SE;FT;5MM A 10MM;US;US;M;100;6365560
452;2022;Machine Learning Developer;MI;FT;5MM A 10MM;CA;CA;M;100;6269360
453;2022;Director of Data Science;EX;FT;15MM A 20MM;CA;CA;L;50;15673521
454;2022;Machine Learning Engineer;MI;FT;5MM A 10MM;US;US;S;100;9548340
455;2022;Computer Vision Engineer;EN;FT;5MM A 10MM;US;US;M;0;9946188
456;2022;NLP Engineer;MI;FT;1MM A 5MM;US;US;L;50;2962850
457;2022;Data Engineer;SE;FT;5MM A 10MM;US;US;M;100;8354798
458;2022;Lead Machine Learning Engineer;SE;FT;5MM A 10MM;DE;DE;M;0;6996705
459;2022;Business Data Analyst;MI;FT;1MM A 5MM;IN;IN;M;100;1467421
460;2022;Data Scientist;MI;FT;1MM A 5MM;IN;IN;L;100;2515590
461;2022;Machine Learning Infrastructure Engineer;MI;FT;1MM A 5MM;PT;PT;L;50;4635321
462;2022;Financial Data Analyst;EN;FT;5MM A 10MM;US;US;L;50;7956950
463;2022;Data Engineer;MI;PT;1MM A 5MM;DE;DE;L;50;4372901
464;2022;Data Scientist;EN;FT;1MM A 5MM;IN;IN;M;100;1467421
465;2022;Principal Data Scientist;SE;FT;10MM A 15MM;DE;DE;M;100;12943889
466;2022;Data Engineer;EN;FT;5MM A 10MM;US;US;M;100;9548340
467;2022;Research Scientist;SE;FT;10MM A 15MM;US;US;L;50;11458008
468;2022;Data Scientist;SE;FT;5MM A 10MM;US;US;M;100;8346045
469;2022;Data Engineer;SE;FT;5MM A 10MM;US;US;M;100;7956950
470;2022;Data Scientist;SE;FT;10MM A 15MM;US;US;M;100;11139730
471;2022;Data Analyst;MI;FT;10MM A 15MM;US;US;M;100;10741883
472;2022;Data Analyst;MI;FT;1MM A 5MM;US;US;M;100;3978475
473;2022;Data Scientist;SE;FT;15MM A 20MM;US;US;M;100;17505290
474;2022;Data Scientist;SE;FT;10MM A 15MM;US;US;M;100;11139730
475;2022;Data Scientist;MI;FT;10MM A 15MM;GB;GB;M;0;14579360
476;2022;Data Scientist;MI;FT;5MM A 10MM;GB;GB;M;0;7289680
477;2022;Data Scientist;SE;FT;10MM A 15MM;US;US;M;100;14728314
478;2022;Machine Learning Engineer;SE;FT;15MM A 20MM;US;US;M;100;17505290
479;2022;Data Scientist;MI;FT;15MM A 20MM;US;US;M;100;15913900
480;2022;Data Scientist;MI;FT;5MM A 10MM;US;US;M;100;9548340
481;2022;Machine Learning Engineer;SE;FT;5MM A 10MM;AE;AE;S;100;9548340
482;2022;Machine Learning Engineer;SE;FT;5MM A 10MM;AE;AE;S;100;5172018
483;2022;Data Engineer;EX;FT;20MM A 26MM;US;US;M;100;25780518
484;2022;Data Engineer;EX;FT;15MM A 20MM;US;US;M;100;17187012
485;2022;Data Engineer;SE;FT;15MM A 20MM;US;US;M;100;16709595
486;2022;Machine Learning Engineer;SE;FT;5MM A 10MM;US;US;M;100;9548340
487;2022;Data Scientist;SE;FT;15MM A 20MM;US;US;M;100;18300985
488;2022;Data Scientist;EN;PT;5MM A 10MM;DZ;DZ;M;50;7956950
489;2022;Data Scientist;MI;FL;5MM A 10MM;CA;US;M;100;7956950
490;2022;Applied Machine Learning Scientist;EN;CT;1MM A 5MM;TN;CZ;M;100;2536278
491;2022;Head of Data;SE;FT;15MM A 20MM;MY;US;M;100;15913900
492;2022;Principal Data Analyst;MI;FT;5MM A 10MM;CA;CA;S;100;5967713
493;2022;Data Scientist;MI;FT;1MM A 5MM;PL;PL;L;100;2831879
494;2022;Machine Learning Developer;SE;FT;5MM A 10MM;CA;CA;M;100;6269360
495;2022;Data Scientist;SE;FT;5MM A 10MM;BR;US;M;100;7956950
496;2022;Machine Learning Scientist;MI;FT;10MM A 15MM;US;US;M;50;12174134
497;2022;Data Engineer;EN;FT;1MM A 5MM;PK;DE;M;100;4617816
498;2022;Data Scientist;SE;FT;10MM A 15MM;US;US;M;100;13128968
499;2022;Research Scientist;SE;FT;5MM A 10MM;FR;FR;L;50;7433940
500;2022;Data Scientist;EN;FT;1MM A 5MM;CA;CA;L;100;4169124
501;2022;Machine Learning Engineer;SE;FT;1MM A 5MM;NL;NL;L;100;4985109
502;2022;Head of Data;MI;FT;1MM A 5MM;EE;EE;S;100;2623725
503;2022;Data Scientist;EN;FT;1MM A 5MM;JP;MY;L;100;3182780
504;2022;Machine Learning Engineer;MI;FT;5MM A 10MM;AU;AU;L;100;6956364
505;2022;Data Engineer;SE;FT;5MM A 10MM;US;US;M;100;9150493
506;2022;Data Scientist;EN;FT;5MM A 10MM;AU;AU;M;50;6898914
507;2022;Applied Machine Learning Scientist;MI;FT;5MM A 10MM;BO;US;L;100;5967713
508;2022;Research Scientist;MI;FT;5MM A 10MM;AT;AT;L;0;5160003
509;2022;Research Scientist;EN;FT;5MM A 10MM;US;US;L;100;9548340
510;2022;Applied Data Scientist;MI;FT;10MM A 15MM;US;US;L;100;12492412
511;2022;Computer Vision Software Engineer;EN;FT;10MM A 15MM;AU;AU;S;100;11935425
512;2022;Business Data Analyst;MI;FT;5MM A 10MM;CA;CA;L;50;5642432
513;2022;Data Engineer;EN;FT;5MM A 10MM;US;US;S;100;5172018
514;2022;Machine Learning Engineer;SE;FT;5MM A 10MM;IE;IE;S;100;5684763
515;2022;Data Analytics Engineer;EN;FT;1MM A 5MM;PK;PK;M;0;1591390
516;2022;Data Scientist;MI;FT;1MM A 5MM;RU;US;S;100;3819336
517;2022;Data Science Manager;SE;FT;10MM A 15MM;US;US;M;100;12134349
518;2022;Data Engineer;MI;FT;5MM A 10MM;FR;FR;M;100;5422423
519;2022;Data Scientist;MI;FT;5MM A 10MM;CH;CH;L;0;9735010
520;2022;Applied Data Scientist;SE;FT;ACIMA DE 26MM;US;US;L;100;30236410
521;2022;Data Scientist;MI;FT;5MM A 10MM;CA;CA;M;100;5517031
522;2022;Computer Vision Engineer;EN;FT;1MM A 5MM;PT;LU;M;100;795695
523;2022;Data Analyst;MI;FT;1MM A 5MM;GR;GR;S;100;1591390
524;2022;Data Analytics Lead;SE;FT;ACIMA DE 26MM;US;US;L;100;32225648
525;2022;Data Scientist;MI;FT;10MM A 15MM;US;US;L;100;10741883
526;2022;Applied Data Scientist;SE;FT;10MM A 15MM;US;US;L;100;14083802
527;2022;Data Scientist;MI;FT;5MM A 10MM;US;US;M;100;6206421
528;2022;Data Analyst;SE;FT;10MM A 15MM;US;US;M;100;10741883
529;2022;Data Analyst;SE;FT;5MM A 10MM;US;US;M;100;7956950
530;2022;Data Analyst;SE;FT;5MM A 10MM;US;US;M;100;7186717
531;2022;Data Analyst;MI;FT;5MM A 10MM;CA;CA;M;0;6763408
532;2022;Data Analyst;MI;FT;5MM A 10MM;CA;CA;M;0;5967713
533;2022;Machine Learning Engineer;SE;FT;15MM A 20MM;US;US;M;100;17027873
534;2022;Machine Learning Engineer;SE;FT;15MM A 20MM;US;US;M;100;15325086
535;2022;Data Architect;SE;FT;20MM A 26MM;US;US;M;100;21197315
536;2022;Data Architect;SE;FT;15MM A 20MM;US;US;M;100;16957852
537;2022;Data Analyst;SE;FT;5MM A 10MM;US;US;M;100;8983397
538;2022;Data Engineer;SE;FT;10MM A 15MM;US;US;M;100;12333273
539;2022;Data Scientist;MI;FT;10MM A 15MM;US;US;M;0;11243170
540;2022;Data Scientist;MI;FT;5MM A 10MM;US;US;M;0;8124046
541;2022;Data Analyst;SE;FT;5MM A 10MM;US;US;M;100;9224810
542;2022;Data Analyst;SE;FT;5MM A 10MM;US;US;M;100;6498123
543;2022;Data Engineer;MI;FT;15MM A 20MM;US;US;M;0;16446936
544;2022;Data Engineer;MI;FT;5MM A 10MM;US;US;M;0;7885337
545;2022;Data Engineer;SE;FT;10MM A 15MM;US;US;M;100;10344035
546;2022;Data Engineer;SE;FT;5MM A 10MM;US;US;M;100;9150493
547;2022;Data Engineer;SE;FT;5MM A 10MM;US;US;M;100;8792430
548;2022;Data Engineer;SE;FT;10MM A 15MM;US;US;M;100;10344035
549;2022;Data Analyst;SE;FT;5MM A 10MM;US;US;M;100;7881359
550;2022;Data Engineer;SE;FT;10MM A 15MM;US;US;M;100;12731120
551;2022;Data Scientist;SE;FT;15MM A 20MM;US;US;L;0;16335618
552;2022;Data Scientist;SE;FT;10MM A 15MM;US;US;L;0;11171558
553;2022;Data Scientist;SE;FT;10MM A 15MM;US;US;M;100;14004232
554;2022;Data Scientist;SE;FT;10MM A 15MM;US;US;M;100;11458008
555;2022;Data Engineer;SE;FT;15MM A 20MM;US;US;M;100;15921857
556;2022;Data Engineer;SE;FT;10MM A 15MM;US;US;M;100;12731120
557;2022;Data Engineer;SE;FT;10MM A 15MM;US;US;M;100;11537578
558;2022;Data Engineer;SE;FT;5MM A 10MM;US;US;M;0;5609650
559;2022;Data Scientist;SE;FT;15MM A 20MM;US;US;M;0;16335618
560;2022;Data Scientist;SE;FT;10MM A 15MM;US;US;M;0;11171558
561;2022;Analytics Engineer;SE;FT;15MM A 20MM;US;US;M;0;16335618
562;2022;Analytics Engineer;SE;FT;10MM A 15MM;US;US;M;0;14696487
563;2022;Data Engineer;SE;FT;10MM A 15MM;US;US;M;100;13932619
564;2022;Data Engineer;SE;FT;10MM A 15MM;US;US;M;100;11159622
565;2022;Data Analyst;SE;FT;5MM A 10MM;US;US;M;100;9241997
566;2022;Data Engineer;SE;FT;1MM A 5MM;US;US;M;0;4296753
567;2022;Data Analyst;SE;FT;10MM A 15MM;US;US;M;100;13526815
568;2022;Data Analyst;MI;FT;5MM A 10MM;GB;GB;M;0;5206869
569;2022;Data Analyst;SE;FT;5MM A 10MM;US;US;M;100;6365560
570;2022;Data Scientist;SE;FT;10MM A 15MM;US;US;M;100;11139730
571;2022;Data Scientist;SE;FT;15MM A 20MM;US;US;M;100;16709595
572;2022;Data Scientist;SE;FT;10MM A 15MM;US;US;M;100;11139730
573;2022;Data Analyst;SE;FT;5MM A 10MM;US;US;M;100;7956950
574;2022;Data Analyst;SE;FT;5MM A 10MM;US;US;M;100;5490296
575;2022;Data Scientist;SE;FT;15MM A 20MM;US;US;M;100;16709595
576;2022;Data Scientist;SE;FT;10MM A 15MM;US;US;M;100;11139730
577;2022;Data Scientist;SE;FT;15MM A 20MM;US;US;M;100;16709595
578;2022;Data Analyst;SE;FT;10MM A 15MM;US;US;M;100;11941393
579;2022;Data Engineer;SE;FT;5MM A 10MM;US;US;M;100;7956950
580;2022;Data Engineer;SE;FT;1MM A 5MM;US;US;M;100;1989238
581;2022;Data Analyst;SE;FT;10MM A 15MM;US;US;M;100;10065542
582;2022;Data Analyst;SE;FT;5MM A 10MM;US;US;M;100;8455055
583;2022;Data Engineer;SE;FT;15MM A 20MM;US;US;M;100;17514043
584;2022;Data Engineer;SE;FT;10MM A 15MM;US;US;M;100;12737486
585;2022;Data Analyst;SE;FT;5MM A 10MM;US;US;M;100;8354798
586;2022;Data Analyst;SE;FT;5MM A 10MM;US;US;M;100;8826247
587;2022;Data Analyst;MI;FT;1MM A 5MM;GB;GB;M;0;3644840
588;2022;Data Scientist;SE;FT;10MM A 15MM;US;US;M;100;11139730
589;2022;Data Analyst;SE;FT;5MM A 10MM;US;US;M;0;7877381
590;2022;Data Analyst;SE;FT;1MM A 5MM;US;US;M;100;4774170
591;2022;Data Architect;SE;FT;15MM A 20MM;US;US;M;100;15322221
592;2022;Data Architect;SE;FT;10MM A 15MM;US;US;M;100;11525960
593;2022;Data Scientist;SE;FT;15MM A 20MM;US;US;M;100;18300985
594;2022;Data Scientist;SE;FT;10MM A 15MM;US;US;M;100;11935425
595;2022;Data Analytics Manager;SE;FT;10MM A 15MM;US;US;M;100;11956113
596;2022;Data Analytics Manager;SE;FT;5MM A 10MM;US;US;M;100;8695355
597;2022;Data Scientist;SE;FT;15MM A 20MM;US;US;M;100;16709595
598;2022;Data Analyst;SE;FT;10MM A 15MM;US;US;M;100;13526815
599;2022;Data Scientist;MI;FT;10MM A 15MM;US;US;M;100;12731120
600;2022;Data Scientist;MI;FT;10MM A 15MM;US;US;M;100;10344035
601;2022;Data Analyst;EN;FT;5MM A 10MM;CA;CA;M;0;5331157
602;2022;Data Analyst;EN;FT;1MM A 5MM;CA;CA;M;0;4137614
603;2022;Data Engineer;SE;FT;10MM A 15MM;US;US;M;100;12253703
604;2022;Data Engineer;SE;FT;10MM A 15MM;US;US;M;100;10025757
605;2022;Data Analyst;SE;FT;10MM A 15MM;US;US;M;0;10264466
606;2022;Data Analyst;SE;FT;10MM A 15MM;US;US;M;100;11935425
607;2022;AI Scientist;MI;FT;15MM A 20MM;IN;US;L;100;15913900
